{"total_flos":4.522352601472e+12,"train/loss":1.7109,"_timestamp":1.7664271435520763e+09,"train_loss":0.008469987623762377,"_wandb":{"runtime":7},"_runtime":7,"train/grad_norm":0.8353372004917479,"train_runtime":7.4876,"train_samples_per_second":10.684,"train_steps_per_second":1.336,"_step":1,"train/learning_rate":0.0002,"train/epoch":20.2,"train/global_step":202}