{"train/learning_rate":0.0002,"train/loss":1.6406,"train_samples_per_second":9.849,"train/global_step":201,"_timestamp":1.7664270190316463e+09,"train_steps_per_second":1.231,"total_flos":4.521320572096e+12,"train/grad_norm":0.8230678242469127,"train_loss":0.00816231343283582,"train/epoch":20.1,"_runtime":7,"_step":1,"train_runtime":8.1225,"_wandb":{"runtime":7}}